RowName,RecFunctionId,SortKey,CameraID,SerieId,IsBaseModel,DefaultPreset,MPDefaultClearPreset,MPDefaultPreset,BasicPistolGrip,BasicGunBarrel,BasicHandGuard,BasicStock,BasicMagazine,BPClass,WeaponPlayerInputConfigId,SilhouetteIconPath,LittleSilhouetteIconPath,IsUseRuntimeIcon,IsBaseWeapon,WeaponAssemblyPointLimit,MPUnlockType,RowDescription
18010000001,18010000001,1,18010000001,34,True,10010000122,10010000122,10010000122,0,0,0,0,0,"(AssetPath=/Game/BluePrints/Weapons/WeaponBP/BP_WeaponModular.BP_WeaponModular_C, SubPath=)",0,(),(),True,True,0,2,None
18010000006,18010000006,2,18010000006,1,True,10010000012,10010000012,10010000012,0,0,0,0,0,"(AssetPath=/Game/BluePrints/Weapons/WeaponBP/BP_WeaponModular.BP_WeaponModular_C, SubPath=)",0,(),(),True,True,0,2,None
18010000008,18010000008,4,18010000008,3,True,10010000014,10010000014,10010000014,0,0,0,0,0,"(AssetPath=/Game/BluePrints/Weapons/WeaponBP/BP_WeaponModular.BP_WeaponModular_C, SubPath=)",0,(),(),True,True,0,2,None
18010000010,18010000010,10,18010000010,1,True,10010000019,10010000019,10010001235,0,0,0,0,0,"(AssetPath=/Game/BluePrints/Weapons/WeaponBP/BP_WeaponModular.BP_WeaponModular_C, SubPath=)",0,(),(),True,True,0,1,None
18010000011,18010000011,13,18010000011,11,True,10010000018,10010000018,10010000018,0,0,0,0,0,"(AssetPath=/Game/BluePrints/Weapons/WeaponBP/BP_WeaponModular.BP_WeaponModular_C, SubPath=)",0,(),(),True,False,0,0,None
18010000012,18010000012,19,18010000012,17,True,10010000025,10010000025,10010000025,0,0,0,0,0,"(AssetPath=/Game/BluePrints/Weapons/WeaponBP/BP_WeaponModular.BP_WeaponModular_C, SubPath=)",0,(),(),True,True,0,2,None
18010000013,18010000013,22,18010000013,19,True,10010000086,10010000086,10010000086,0,0,0,0,0,"(AssetPath=/Game/BluePrints/Weapons/WeaponBP/BP_WeaponModular.BP_WeaponModular_C, SubPath=)",0,(),(),True,True,0,2,None
18010000014,18010000014,23,18010000014,20,True,10010000087,10010000087,10010001236,0,0,0,0,0,"(AssetPath=/Game/BluePrints/Weapons/WeaponBP/BP_WeaponModular.BP_WeaponModular_C, SubPath=)",0,(),(),True,True,0,1,None
18010000015,18010000015,24,18010000015,21,True,10010000089,10010000089,10010000089,0,0,0,0,0,"(AssetPath=/Game/BluePrints/Weapons/WeaponBP/BP_WeaponModular.BP_WeaponModular_C, SubPath=)",0,(),(),True,True,0,2,None
18010000016,18010000016,34,18010000016,32,True,10010000107,10010000107,10010000107,0,0,0,0,0,"(AssetPath=/Game/BluePrints/Weapons/WeaponBP/BP_WeaponModular.BP_WeaponModular_C, SubPath=)",0,(),(),True,True,0,2,None
18010000017,18010000017,37,18010000017,35,True,10010000184,10010000184,10010000184,0,0,0,0,0,"(AssetPath=/Game/BluePrints/Weapons/WeaponBP/BP_WeaponModular.BP_WeaponModular_C, SubPath=)",0,(),(),True,True,0,2,None
18010000018,18010000018,38,18010000018,37,True,10010000223,10010000223,10010000223,0,0,0,0,0,"(AssetPath=/Game/BluePrints/Weapons/WeaponBP/BP_WeaponModular.BP_WeaponModular_C, SubPath=)",0,(),(),True,True,0,2,None
18010000020,18010000020,2,18010000020,1,True,10010000224,10010000224,10010000224,0,0,0,0,0,"(AssetPath=/Game/BluePrints/Weapons/WeaponBP/BP_WeaponModular.BP_WeaponModular_C, SubPath=)",0,(),(),True,False,0,0,None
18010000021,18010000021,2,18010000021,1,True,10010000228,10010000228,10010000228,0,0,0,0,0,"(AssetPath=/Game/BluePrints/Weapons/WeaponBP/BP_WeaponModular.BP_WeaponModular_C, SubPath=)",0,(),(),True,True,0,2,None
18010000022,18010000022,2,18010000022,1,True,10010000229,10010000229,10010000229,0,0,0,0,0,"(AssetPath=/Game/BluePrints/Weapons/WeaponBP/BP_WeaponModular.BP_WeaponModular_C, SubPath=)",0,(),(),True,False,0,0,None
18010000030,18010000030,2,18010000030,1,True,0,0,0,0,0,0,0,0,"(AssetPath=/Game/BluePrints/Weapons/WeaponBP/BP_WeaponModular.BP_WeaponModular_C, SubPath=)",0,(),(),True,False,0,0,None
18010000031,18010000031,1,18010000031,34,True,10010000233,10010000233,10010001234,0,0,0,0,0,"(AssetPath=/Game/BluePrints/Weapons/WeaponBP/BP_WeaponModular.BP_WeaponModular_C, SubPath=)",0,(),(),True,True,0,1,None
18120000008,18120000008,35,18120000008,33,True,0,0,0,0,0,0,0,0,"(AssetPath=/Game/BluePrints/Weapons/WeaponBP/WeaponVehicle/BP_WeaponVechile_RPG.BP_WeaponVechile_RPG_C, SubPath=)",0,(),(),True,False,0,0,None
18020000001,18020000001,7,18020000001,6,True,10020000001,10020000001,10020000001,0,0,0,0,0,"(AssetPath=/Game/BluePrints/Weapons/WeaponBP/BP_WeaponModular.BP_WeaponModular_C, SubPath=)",0,(),(),True,True,0,2,None
18020000002,18020000002,8,18020000002,7,True,10020000004,10020000004,10020001211,0,0,0,0,0,"(AssetPath=/Game/BluePrints/Weapons/WeaponBP/BP_WeaponModular.BP_WeaponModular_C, SubPath=)",0,(),(),True,True,0,2,None
18020000003,18020000003,20,18020000003,18,True,10020000005,10020000005,10020000005,0,0,0,0,0,"(AssetPath=/Game/BluePrints/Weapons/WeaponBP/BP_WeaponModular.BP_WeaponModular_C, SubPath=)",0,(),(),True,True,0,2,None
18020000004,18020000004,25,18020000004,22,True,10020000013,10020000013,10020001230,0,0,0,0,0,"(AssetPath=/Game/BluePrints/Weapons/WeaponBP/BP_WeaponModular.BP_WeaponModular_C, SubPath=)",0,(),(),True,True,0,1,None
18020000005,18020000005,42,18020000005,23,True,10020000014,0,10020000014,0,0,0,0,0,"(AssetPath=/Game/BluePrints/Weapons/WeaponBP/BP_WeaponModular.BP_WeaponModular_C, SubPath=)",0,(),(),True,True,0,2,None
18020000006,18020000006,27,18020000006,25,True,10020000015,10020000015,10020000015,0,0,0,0,0,"(AssetPath=/Game/BluePrints/Weapons/WeaponBP/BP_WeaponModular.BP_WeaponModular_C, SubPath=)",0,(),(),True,True,0,2,None
18020000007,18020000007,2,18020000007,1,True,10020000197,10020000197,10020000197,0,0,0,0,0,"(AssetPath=/Game/BluePrints/Weapons/WeaponBP/BP_WeaponModular.BP_WeaponModular_C, SubPath=)",0,(),(),True,False,0,0,None
18030000001,18030000001,9,18030000001,8,True,10030000970,10030000970,10030000970,0,0,0,0,0,"(AssetPath=/Game/BluePrints/Weapons/WeaponBP/BP_WeaponModular.BP_WeaponModular_C, SubPath=)",0,(),(),True,True,0,2,None
18030000002,18030000002,14,18030000002,12,True,10030000002,10030000002,10030000002,0,0,0,0,0,"(AssetPath=/Game/BluePrints/Weapons/WeaponBP/BP_WeaponModular.BP_WeaponModular_C, SubPath=)",0,(),(),True,True,0,2,None
18030000003,18030000003,36,18030000003,12,True,10030001482,10030001482,10030001482,0,0,0,0,0,"(AssetPath=/Game/BluePrints/Weapons/WeaponBP/BP_WeaponModular.BP_WeaponModular_C, SubPath=)",0,(),(),True,False,0,0,None
18030000004,18030000004,2,18030000004,1,True,10030000027,10030000027,10030000027,0,0,0,0,0,"(AssetPath=/Game/BluePrints/Weapons/WeaponBP/BP_WeaponModular.BP_WeaponModular_C, SubPath=)",0,(),(),True,True,0,1,None
18040000001,18040000001,15,18040000001,13,True,10040000900,10040000900,10040000900,0,0,0,0,0,"(AssetPath=/Game/BluePrints/Weapons/WeaponBP/BP_WeaponModular.BP_WeaponModular_C, SubPath=)",0,(),(),True,True,0,2,None
18040000002,18040000002,38,18040000002,36,True,10040000006,10040000006,10040000908,0,0,0,0,0,"(AssetPath=/Game/BluePrints/Weapons/WeaponBP/BP_WeaponModular.BP_WeaponModular_C, SubPath=)",0,(),(),True,True,0,1,None
18040000007,18040000007,45,18040000007,36,True,10040000917,10040000917,10040000917,0,0,0,0,0,"(AssetPath=/Game/BluePrints/Weapons/WeaponBP/BP_WeaponModular.BP_WeaponModular_C, SubPath=)",0,(),(),True,False,0,0,None
18040000008,18040000008,45,18040000008,36,True,10040000854,10040000854,10040000854,0,0,0,0,0,"(AssetPath=/Game/BluePrints/Weapons/WeaponBP/SpecialWeapon/BP_WeaponAIHeavyMachine.BP_WeaponAIHeavyMachine_C, SubPath=)",0,(),(),True,False,0,0,None
18040000009,18040000009,45,18040000009,36,True,0,0,0,0,0,0,0,0,"(AssetPath=/Game/BluePrints/Weapons/WeaponBP/SpecialWeapon/BP_WeaponRCVAIWeaponBase.BP_WeaponRCVAIWeaponBase_C, SubPath=)",0,(),(),False,False,0,0,None
18040000010,18040000010,45,18040000008,36,True,0,0,0,0,0,0,0,0,"(AssetPath=/Game/BluePrints/Weapons/WeaponBP/BP_WeaponModular.BP_WeaponModular_C, SubPath=)",0,(),(),False,False,0,0,None
18040000011,18040000011,45,18040000008,36,True,0,0,0,0,0,0,0,0,"(AssetPath=/Game/BluePrints/Weapons/WeaponBP/BP_RiadTank_WeaponModular.BP_RiadTank_WeaponModular_C, SubPath=)",0,(),(),True,False,0,0,None
18040000012,18040000012,45,18040000008,36,True,0,0,0,0,0,0,0,0,"(AssetPath=/Game/BluePrints/Weapons/WeaponBP/BP_RiadTank_WeaponModular.BP_RiadTank_WeaponModular_C, SubPath=)",0,(),(),True,False,0,0,None
18040000013,18040000013,45,18040000008,36,True,0,0,0,0,0,0,0,0,"(AssetPath=/Game/BluePrints/Weapons/WeaponBP/BP_RiadTank_WeaponModular.BP_RiadTank_WeaponModular_C, SubPath=)",0,(),(),True,False,0,0,None
18050000001,18050000001,11,18050000001,9,True,10050000001,10050000001,10050000001,0,0,0,0,0,"(AssetPath=/Game/BluePrints/Weapons/WeaponBP/BP_WeaponModular.BP_WeaponModular_C, SubPath=)",0,(),(),True,False,0,0,None
18050000002,18050000002,29,18050000002,27,True,10050000004,10050000004,10050001232,0,0,0,0,0,"(AssetPath=/Game/BluePrints/Weapons/WeaponBP/BP_WeaponModular.BP_WeaponModular_C, SubPath=)",0,(),(),True,True,0,1,None
18050000003,18050000003,30,18050000003,28,True,10050000005,10050000005,10050000005,0,0,0,0,0,"(AssetPath=/Game/BluePrints/Weapons/WeaponBP/BP_WeaponModular.BP_WeaponModular_C, SubPath=)",0,(),(),True,True,0,2,None
18050000004,18050000004,31,18050000004,29,True,10050000006,10050000006,10050000006,0,0,0,0,0,"(AssetPath=/Game/BluePrints/Weapons/WeaponBP/BP_WeaponModular.BP_WeaponModular_C, SubPath=)",0,(),(),True,True,0,2,None
18050000005,18050000005,33,18050000005,31,True,10050000007,10050000007,10050000007,0,0,0,0,0,"(AssetPath=/Game/BluePrints/Weapons/WeaponBP/BP_WeaponModular.BP_WeaponModular_C, SubPath=)",0,(),(),True,True,0,2,None
18050000006,18050000006,2,18050000006,1,True,10050000043,10050000043,10050000043,0,0,0,0,0,"(AssetPath=/Game/BluePrints/Weapons/WeaponBP/BP_WeaponModular.BP_WeaponModular_C, SubPath=)",0,(),(),True,True,0,2,None
18060000001,18060000001,17,18060000001,15,True,10060000003,10060000003,10060000003,0,0,0,0,0,"(AssetPath=/Game/BluePrints/Weapons/WeaponBP/BP_WeaponModular.BP_WeaponModular_C, SubPath=)",0,(),(),True,False,0,0,None
18060000007,18060000007,5,18060000007,4,True,10060000001,10060000001,10060001127,0,0,0,0,0,"(AssetPath=/Game/BluePrints/Weapons/WeaponBP/BP_WeaponModular.BP_WeaponModular_C, SubPath=)",0,(),(),True,True,0,1,None
18060000008,18060000008,26,18060000008,24,True,10060000008,10060000008,10060000008,0,0,0,0,0,"(AssetPath=/Game/BluePrints/Weapons/WeaponBP/BP_WeaponModular.BP_WeaponModular_C, SubPath=)",0,(),(),True,True,0,2,None
18060000009,18060000009,26,18060000009,24,True,10060000042,10060000042,10060000042,0,0,0,0,0,"(AssetPath=/Game/BluePrints/Weapons/WeaponBP/BP_WeaponModular.BP_WeaponModular_C, SubPath=)",0,(),(),True,True,0,2,None
18080000010,18080000010,0,0,0,False,0,0,0,0,0,0,0,0,"(AssetPath=/Game/BluePrints/Weapons/WeaponBP/BP_WeaponModular_C301Launcher.BP_WeaponModular_C301Launcher_C, SubPath=)",0,(),(),True,False,0,0,None
18080000012,18080000012,0,0,0,False,10080001361,10080001361,10080001361,0,0,0,0,0,"(AssetPath=/Game/BluePrints/Ability/GrenadeLauncher/BP_Weapon_GrenadeLauncher.BP_Weapon_GrenadeLauncher_C, SubPath=)",0,(),(),True,False,0,1,None
18080000013,18080000013,0,0,0,False,10080001360,10080001360,10080001360,0,0,0,0,0,"(AssetPath=/Game/BluePrints/Ability/EMP/BP_Weapon_EMP.BP_Weapon_EMP_C, SubPath=)",0,(),(),True,False,0,1,None
18080000015,18080000015,18,0,16,True,0,0,0,0,0,0,0,0,"(AssetPath=/Game/BluePrints/Weapons/WeaponBP/SpecialWeapon/BP_WeaponRCVAIWeaponRocket.BP_WeaponRCVAIWeaponRocket_C, SubPath=)",0,(),(),True,False,0,0,None
18080000011,18080000011,0,0,0,False,0,0,0,0,0,0,0,0,"(AssetPath=/Game/BluePrints/Weapons/WeaponBP/BP_WeaponHUDUN.BP_WeaponHUDUN_C, SubPath=)",0,(),(),True,False,0,0,None
18060000030,18060000030,0,0,0,False,0,0,0,0,0,0,0,0,"(AssetPath=/Game/BluePrints/Weapons/WeaponBP/BP_WeaponModular_ChargeGun.BP_WeaponModular_ChargeGun_C, SubPath=)",0,(),(),True,False,0,0,None
18060000031,18060000031,17,18060000001,15,True,10060000244,10060000244,10060000244,0,0,0,0,0,"(AssetPath=/Game/UI/UIAtlas/System/HUD/BakedSprite/HUD_TipsBroadcast_Icon_0116.HUD_TipsBroadcast_Icon_0116, SubPath=)",0,(),(),True,False,0,0,None
18060000032,18060000032,0,18060000009,24,True,0,0,0,0,0,0,0,0,"(AssetPath=/Game/BluePrints/Weapons/WeaponBP/BP_WeaponModular.BP_WeaponModular_C, SubPath=)",0,(),(),True,True,0,0,None
18070000002,18070000002,12,18070000002,10,True,10070000002,10070000002,10070000002,0,0,0,0,0,"(AssetPath=/Game/BluePrints/Weapons/WeaponBP/BP_WeaponModular.BP_WeaponModular_C, SubPath=)",0,(),(),True,True,0,1,None
18070000003,18070000003,16,18070000003,14,True,10070000019,10070000019,10070000019,0,0,0,0,0,"(AssetPath=/Game/BluePrints/Weapons/WeaponBP/BP_WeaponModular.BP_WeaponModular_C, SubPath=)",0,(),(),True,True,0,2,None
18070000004,18070000004,21,18070000004,19,True,10070000022,10070000022,10070000022,0,0,0,0,0,"(AssetPath=/Game/BluePrints/Weapons/WeaponBP/BP_WeaponModular.BP_WeaponModular_C, SubPath=)",0,(),(),True,True,0,2,None
18070000005,18070000005,28,18070000005,26,True,10070000026,10070000026,10070000026,0,0,0,0,0,"(AssetPath=/Game/BluePrints/Weapons/WeaponBP/BP_WeaponModular.BP_WeaponModular_C, SubPath=)",0,(),(),True,True,0,2,None
18070000006,18070000006,32,18070000006,30,True,10070000027,10070000027,10070000027,0,0,0,0,0,"(AssetPath=/Game/BluePrints/Weapons/WeaponBP/BP_WeaponModular.BP_WeaponModular_C, SubPath=)",0,(),(),True,True,0,2,None
18070000007,18070000007,41,18070000002,10,True,10070001370,10070001370,10070001370,0,0,0,0,0,"(AssetPath=/Game/BluePrints/Weapons/WeaponBP/BP_WeaponModular.BP_WeaponModular_C, SubPath=)",0,(),(),True,False,0,0,None
18070000030,18070000030,11,18050000001,9,True,0,0,0,0,0,0,0,0,"(AssetPath=/Game/BluePrints/Weapons/WeaponBP/BP_WeaponSupport.BP_WeaponSupport_C, SubPath=)",0,(),(),True,False,0,0,None
18070000031,18070000031,11,18050000001,9,True,0,0,0,0,0,0,0,0,"(AssetPath=/Game/BluePrints/Weapons/WeaponBP/BP_WeaponSupportPack.BP_WeaponSupportPack_C, SubPath=)",0,(),(),True,False,0,0,None
18070000032,18070000032,11,18050000001,9,True,0,0,0,0,0,0,0,0,"(AssetPath=/Game/BluePrints/Weapons/WeaponBP/BP_WeaponSupportPack.BP_WeaponSupportPack_C, SubPath=)",0,(),(),True,False,0,0,None
18080000001,18080000001,18,0,16,True,10080000001,10080000001,10080000001,0,0,0,0,0,"(AssetPath=/Game/BluePrints/Weapons/WeaponBP/BP_WeaponModular_RPG.BP_WeaponModular_RPG_C, SubPath=)",0,(),(),True,False,0,0,None
18080000002,18080000002,43,0,16,True,10080001366,10080001366,10080001366,0,0,0,0,0,"(AssetPath=/Game/BluePrints/Weapons/WeaponBP/PVEWeapon/BP_PVE_WeaponModular_RPG.BP_PVE_WeaponModular_RPG_C, SubPath=)",0,(),(),True,False,0,0,None
18080000003,18080000003,44,0,38,True,10080000004,10080000004,10080000004,0,0,0,0,0,"(AssetPath=/Game/BluePrints/Weapons/WeaponBP/BP_WeaponModular_AT4.BP_WeaponModular_AT4_C, SubPath=)",0,(),(),True,False,0,1,None
18080000004,18080000004,39,0,37,True,10080000006,10080000006,10080000006,0,0,0,0,0,"(AssetPath=/Game/BluePrints/Weapons/WeaponBP/BP_WeaponModular.BP_WeaponModular_C, SubPath=)",0,(),(),True,False,0,0,None
18080000005,18080000005,44,0,38,True,10080000856,10080000856,10080000856,0,0,0,0,0,"(AssetPath=/Game/BluePrints/Weapons/WeaponBP/SpecialWeapon/BP_WeaponStingerMissile.BP_WeaponStingerMissile_C, SubPath=)",0,(),(),True,False,0,1,None
18080000014,18080000014,44,0,38,True,10080001364,10080001364,10080001364,0,0,0,0,0,"(AssetPath=/Game/BluePrints/Weapons/WeaponBP/SpecialWeapon/BP_WeaponStingerMissile.BP_WeaponStingerMissile_C, SubPath=)",0,(),(),True,False,0,1,None
18080000009,18080000009,44,0,38,True,0,0,0,0,0,0,0,0,"(AssetPath=/Game/BluePrints/Weapons/WeaponBP/BP_WeaponModular_CruiseMissile.BP_WeaponModular_CruiseMissile_C, SubPath=)",0,(),(),True,False,0,0,None
18080000008,18080000008,44,0,38,True,10080001363,10080001363,10080001363,0,0,0,0,0,"(AssetPath=/Game/BluePrints/Weapons/WeaponBP/SpecialWeapon/BP_WeaponLaserPointer.BP_WeaponLaserPointer_C, SubPath=)",0,(),(),True,False,0,1,None
18080000006,18080000006,44,0,38,True,0,0,0,0,0,0,0,0,"(AssetPath=/Game/BluePrints/Weapons/WeaponBP/SpecialWeapon/BP_WeaponStingerMissile.BP_WeaponStingerMissile_C, SubPath=)",0,(),(),True,False,0,0,None
18080000007,18080000007,18,0,16,True,10080000258,10080000258,10080000258,0,0,0,0,0,"(AssetPath=/Game/BluePrints/Weapons/WeaponBP/BP_WeaponModular_RPG.BP_WeaponModular_RPG_C, SubPath=)",0,(),(),True,False,0,0,None
18080000016,18080000016,44,0,38,True,0,0,0,0,0,0,0,0,"(AssetPath=/Game/BluePrints/Weapons/WeaponBP/BP_WeaponModular_AT4.BP_WeaponModular_AT4_C, SubPath=)",0,(),(),True,False,0,0,None
18120000001,18120000001,0,0,0,False,0,0,0,0,0,0,0,0,"(AssetPath=/Game/BluePrints/Weapons/WeaponBP/WeaponVehicle/BP_Weapon_Vehicle.BP_Weapon_Vehicle_C, SubPath=)",0,(),(),True,False,0,0,None
18120000002,18120000002,45,0,16,True,0,0,0,0,0,0,0,0,"(AssetPath=/Game/BluePrints/Weapons/WeaponBP/WeaponVehicle/BP_WeaponVechile_RPG.BP_WeaponVechile_RPG_C, SubPath=)",0,(),(),True,False,0,0,None
18120000003,18120000003,35,18010000017,33,True,0,0,0,0,0,0,0,0,"(AssetPath=/Game/BluePrints/Weapons/WeaponBP/WeaponVehicle/BP_WeaponVechile_RPG.BP_WeaponVechile_RPG_C, SubPath=)",0,(),(),True,False,0,0,None
18120000004,18120000004,0,0,0,False,0,0,0,0,0,0,0,0,"(AssetPath=/Game/BluePrints/Weapons/WeaponBP/WeaponVehicle/BP_Weapon_Vehicle.BP_Weapon_Vehicle_C, SubPath=)",0,(),(),True,False,0,0,None
18120000005,18120000005,0,0,0,False,0,0,0,0,0,0,0,0,"(AssetPath=/Game/BluePrints/Weapons/WeaponBP/WeaponVehicle/BP_WeaponVechile_RPG.BP_WeaponVechile_RPG_C, SubPath=)",0,(),(),True,False,0,0,None
18120000006,18120000006,44,0,38,True,0,0,0,0,0,0,0,0,"(AssetPath=/Game/BluePrints/Weapons/WeaponBP/WeaponVehicle/BP_WeaponVechile_StingerMissile.BP_WeaponVechile_StingerMissile_C, SubPath=)",0,(),(),True,False,0,0,None
18120000007,18120000007,44,0,38,True,0,0,0,0,0,0,0,0,"(AssetPath=/Game/BluePrints/Weapons/WeaponBP/WeaponVehicle/BP_WeaponVechile_StingerMissile.BP_WeaponVechile_StingerMissile_C, SubPath=)",0,(),(),True,False,0,0,None
18990000001,18990000001,0,0,0,False,0,0,0,0,0,0,0,0,"(AssetPath=/Game/BluePrints/Weapons/WeaponBP/BP_WeaponHeavyMachineGun.BP_WeaponHeavyMachineGun_C, SubPath=)",0,(),(),True,False,0,0,None
18990000002,18990000002,0,0,0,False,0,0,0,0,0,0,0,0,"(AssetPath=/Game/BluePrints/Weapons/WeaponBP/BP_WeaponCarrierRemoteurret.BP_WeaponCarrierRemoteurret_C, SubPath=)",0,(),(),True,False,0,0,None
18990000003,18990000003,0,0,0,False,0,0,0,0,0,0,0,0,"(AssetPath=/Game/BluePrints/Weapons/HeavyMachineGun/BP_WeaponBlackHawk.BP_WeaponBlackHawk_C, SubPath=)",0,(),(),True,False,0,0,None
18990000004,18990000004,0,0,0,False,0,0,0,0,0,0,0,0,"(AssetPath=/Game/BluePrints/Weapons/HeavyMachineGun/HumveeWeapon/BP_WeaponHumvee.BP_WeaponHumvee_C, SubPath=)",0,(),(),True,False,0,0,None
18990000005,18990000005,0,0,0,False,0,0,0,0,0,0,0,0,"(AssetPath=/Game/BluePrints/Weapons/HeavyMachineGun/HelicopterWeapon/BP_WeaponHelicopter.BP_WeaponHelicopter_C, SubPath=)",0,(),(),True,False,0,0,None
18990000006,18990000006,0,0,0,False,0,0,0,0,0,0,0,0,"(AssetPath=/Game/BluePrints/Weapons/WeaponBP/BP_WeaponCarrierRemoteurret.BP_WeaponCarrierRemoteurret_C, SubPath=)",0,(),(),True,False,0,0,None
18990000007,18990000007,0,0,0,False,0,0,0,0,0,0,0,0,"(AssetPath=/Game/BluePrints/Weapons/FixedWeapon/BP_FixedWeapon_AAGun.BP_FixedWeapon_AAGun_C, SubPath=)",0,(),(),True,False,0,0,None
18990000008,18990000008,0,0,0,False,0,0,0,0,0,0,0,0,"(AssetPath=/Game/BluePrints/Weapons/FixedWeapon/BP_FixedWeapon_ShoreGun.BP_FixedWeapon_ShoreGun_C, SubPath=)",0,(),(),True,False,0,0,None
18990000011,18990000011,0,0,0,False,0,0,0,0,0,0,0,0,"(AssetPath=/Game/BluePrints/Weapons/HeavyMachineGun/BP_WeaponBlackHawk_AI.BP_WeaponBlackHawk_AI_C, SubPath=)",0,(),(),True,False,0,0,None
18990000012,18990000012,0,0,0,False,0,0,0,0,0,0,0,0,"(AssetPath=/Game/BluePrints/Weapons/HeavyMachineGun/BP_WeaponBlackHawk_AI.BP_WeaponBlackHawk_AI_C, SubPath=)",0,(),(),True,False,0,0,None
18990000013,18990000013,0,0,0,False,0,0,0,0,0,0,0,0,"(AssetPath=/Game/BluePrints/Weapons/HeavyMachineGun/BP_WeaponBlackHawk_AI.BP_WeaponBlackHawk_AI_C, SubPath=)",0,(),(),True,False,0,0,None
18990000014,18990000014,0,0,0,False,0,0,0,0,0,0,0,0,"(AssetPath=/Game/BluePrints/Weapons/HeavyMachineGun/BP_WeaponBlackHawk_AI.BP_WeaponBlackHawk_AI_C, SubPath=)",0,(),(),True,False,0,0,None
18010000032,18010000032,1,18010000032,34,True,0,0,0,0,0,0,0,0,"(AssetPath=/Game/BluePrints/Weapons/WeaponBP/BP_WeaponModular.BP_WeaponModular_C, SubPath=)",0,(),(),True,False,0,0,None
18060000011,18060000011,0,18060000011,0,True,10060000246,10060000246,10060000246,0,0,0,0,0,"(AssetPath=/Game/BluePrints/Weapons/WeaponBP/BP_WeaponModular.BP_WeaponModular_C, SubPath=)",0,(),(),True,True,0,2,None
18010000033,18010000033,1,18010000001,34,True,0,0,0,0,0,0,0,0,"(AssetPath=/Game/BluePrints/Weapons/WeaponBP/BP_WeaponModular.BP_WeaponModular_C, SubPath=)",0,(),(),True,False,0,0,None
18120000009,18120000009,0,0,0,False,0,0,0,0,0,0,0,0,"(AssetPath=/Game/BluePrints/Weapons/WeaponBP/WeaponVehicle/BP_Weapon_Vehicle.BP_Weapon_Vehicle_C, SubPath=)",0,(),(),True,False,0,0,None
18120000010,18120000010,35,18010000017,33,True,0,0,0,0,0,0,0,0,"(AssetPath=/Game/BluePrints/Weapons/WeaponBP/WeaponVehicle/BP_WeaponVechile_RPG.BP_WeaponVechile_RPG_C, SubPath=)",0,(),(),True,False,0,0,None
18120000011,18120000011,45,0,16,True,0,0,0,0,0,0,0,0,"(AssetPath=/Game/BluePrints/Weapons/WeaponBP/WeaponVehicle/BP_WeaponVechile_RPG.BP_WeaponVechile_RPG_C, SubPath=)",0,(),(),True,False,0,0,None
18120000012,18120000012,14,18030000002,12,True,0,0,0,0,0,0,0,0,"(AssetPath=/Game/BluePrints/Weapons/WeaponBP/WeaponVehicle/BP_Weapon_Vehicle.BP_Weapon_Vehicle_C, SubPath=)",0,(),(),True,False,0,0,None
18120000013,18120000013,35,18010000017,33,True,0,0,0,0,0,0,0,0,"(AssetPath=/Game/BluePrints/Weapons/WeaponBP/WeaponVehicle/BP_WeaponVechile_RPG.BP_WeaponVechile_RPG_C, SubPath=)",0,(),(),True,False,0,0,None
18010000023,18010000023,1,18010000023,1,True,10010000281,10010000281,10010001237,0,0,0,0,0,"(AssetPath=/Game/BluePrints/Weapons/WeaponBP/BP_WeaponModular.BP_WeaponModular_C, SubPath=)",0,(),(),True,True,0,1,None
18050000007,18050000007,1,18050000007,1,True,10050000045,10050000045,10050000045,0,0,0,0,0,"(AssetPath=/Game/BluePrints/Weapons/WeaponBP/BP_WeaponModular.BP_WeaponModular_C, SubPath=)",0,(),(),True,True,0,2,None
18130000001,18130000001,0,0,0,False,0,0,0,0,0,0,0,0,"(AssetPath=/Game/BluePrints/Weapons/WeaponBP/BP_WeaponModular_Bow.BP_WeaponModular_Bow_C, SubPath=)",0,(),(),True,False,0,0,None
18130000002,18130000002,0,0,0,False,0,0,0,0,0,0,0,0,"(AssetPath=/Game/BluePrints/Weapons/WeaponBP/BP_WeaponModular_Bow.BP_WeaponModular_Bow_C, SubPath=)",0,(),(),True,False,0,0,None
18130000003,18130000003,0,0,0,False,0,0,0,0,0,0,0,0,"(AssetPath=/Game/BluePrints/Weapons/WeaponBP/BP_WeaponModular_CrossBow.BP_WeaponModular_CrossBow_C, SubPath=)",0,(),(),True,False,0,0,None
18140000001,18140000001,0,0,0,False,0,0,0,0,0,0,0,0,"(AssetPath=/Game/BluePrints/Weapons/WeaponBP/BP_Weapon_WeldingGun.BP_Weapon_WeldingGun_C, SubPath=)",0,(),(),True,False,0,0,None
18010000037,18010000037,46,18010000037,28,True,10010000890,10010000890,10010000890,0,0,0,0,0,"(AssetPath=/Game/BluePrints/Weapons/WeaponBP/BP_WeaponModular.BP_WeaponModular_C, SubPath=)",0,(),(),True,True,0,2,None
18020000008,18020000008,47,18020000008,28,True,10020000884,10020000884,10020000884,0,0,0,0,0,"(AssetPath=/Game/BluePrints/Weapons/WeaponBP/BP_WeaponModular.BP_WeaponModular_C, SubPath=)",0,(),(),True,True,0,2,None
18120000014,18120000014,45,0,16,True,0,0,0,0,0,0,0,0,"(AssetPath=/Game/BluePrints/Weapons/WeaponBP/WeaponVehicle/BP_WeaponVechile_RPG.BP_WeaponVechile_RPG_C, SubPath=)",0,(),(),True,False,0,0,None
18070000010,18070000010,48,18070000010,26,True,10070000881,10070000881,10070000881,0,0,0,0,0,"(AssetPath=/Game/BluePrints/Weapons/WeaponBP/BP_WeaponModular.BP_WeaponModular_C, SubPath=)",0,(),(),True,True,0,1,None
18070000008,18070000008,49,18070000008,0,True,0,0,0,0,0,0,0,0,"(AssetPath=None, SubPath=)",0,(),(),True,False,0,0,None
18070000009,18070000009,50,18070000009,0,True,0,0,0,0,0,0,0,0,"(AssetPath=None, SubPath=)",0,(),(),True,False,0,0,None
18120000015,18120000015,35,18010000017,33,True,0,0,0,0,0,0,0,0,"(AssetPath=/Game/BluePrints/Weapons/WeaponBP/WeaponVehicle/BP_WeaponVechile_RPG.BP_WeaponVechile_RPG_C, SubPath=)",0,(),(),True,False,0,0,None
18120000016,18120000016,0,0,0,False,0,0,0,0,0,0,0,0,"(AssetPath=/Game/BluePrints/Weapons/WeaponBP/WeaponVehicle/BP_WeaponVehicle_LaserPointer.BP_WeaponVehicle_LaserPointer_C, SubPath=)",0,(),(),True,False,0,0,None
18020000009,18020000009,102,18020000009,23,True,10020001224,10020001224,10020001224,0,0,0,0,0,"(AssetPath=/Game/BluePrints/Weapons/WeaponBP/BP_WeaponModular.BP_WeaponModular_C, SubPath=)",0,(),(),True,True,0,2,None
18120000017,18120000017,45,0,16,True,0,0,0,0,0,0,0,0,"(AssetPath=/Game/BluePrints/Weapons/WeaponBP/WeaponVehicle/BP_WeaponVechile_RPG.BP_WeaponVechile_RPG_C, SubPath=)",0,(),(),True,False,0,0,None
18120000018,18120000018,0,0,0,False,0,0,0,0,0,0,0,0,"(AssetPath=/Game/BluePrints/Weapons/WeaponBP/WeaponVehicle/BP_WeaponVechile_RPG.BP_WeaponVechile_RPG_C, SubPath=)",0,(),(),True,False,0,0,None
18120000019,18120000019,44,0,38,True,0,0,0,0,0,0,0,0,"(AssetPath=/Game/BluePrints/Weapons/WeaponBP/WeaponVehicle/BP_WeaponVechile_StingerMissile.BP_WeaponVechile_StingerMissile_C, SubPath=)",0,(),(),True,False,0,0,None
18040000003,18040000003,15,18040000003,13,True,10040000910,10040000910,10040000910,0,0,0,0,0,"(AssetPath=/Game/BluePrints/Weapons/WeaponBP/BP_WeaponModular.BP_WeaponModular_C, SubPath=)",0,(),(),True,True,0,2,None
18120000020,18120000020,35,18010000017,33,True,0,0,0,0,0,0,0,0,"(AssetPath=/Game/BluePrints/Weapons/WeaponBP/WeaponVehicle/BP_WeaponVechile_RPG.BP_WeaponVechile_RPG_C, SubPath=)",0,(),(),True,False,0,0,None
18120000021,18120000021,35,18010000017,33,True,0,0,0,0,0,0,0,0,"(AssetPath=/Game/BluePrints/Weapons/WeaponBP/WeaponVehicle/BP_WeaponVechile_RPG.BP_WeaponVechile_RPG_C, SubPath=)",0,(),(),True,False,0,0,None
18120000022,18120000022,0,0,0,False,0,0,0,0,0,0,0,0,"(AssetPath=/Game/BluePrints/Weapons/WeaponBP/WeaponVehicle/BP_Weapon_Vehicle.BP_Weapon_Vehicle_C, SubPath=)",0,(),(),True,False,0,0,None
18120000023,18120000023,0,0,0,False,0,0,0,0,0,0,0,0,"(AssetPath=/Game/BluePrints/Weapons/WeaponBP/WeaponVehicle/BP_Weapon_Vehicle.BP_Weapon_Vehicle_C, SubPath=)",0,(),(),True,False,0,0,None
18120000024,18120000024,14,18030000002,12,True,0,0,0,0,0,0,0,0,"(AssetPath=/Game/BluePrints/Weapons/WeaponBP/WeaponVehicle/BP_Weapon_Vehicle.BP_Weapon_Vehicle_C, SubPath=)",0,(),(),True,False,0,0,None
18120000025,18120000025,35,18010000017,33,True,0,0,0,0,0,0,0,0,"(AssetPath=/Game/BluePrints/Weapons/WeaponBP/WeaponVehicle/BP_WeaponVechile_RPG.BP_WeaponVechile_RPG_C, SubPath=)",0,(),(),True,False,0,0,None
18120000026,18120000026,45,0,16,True,0,0,0,0,0,0,0,0,"(AssetPath=/Game/BluePrints/Weapons/WeaponBP/WeaponVehicle/BP_WeaponVechile_RPG.BP_WeaponVechile_RPG_C, SubPath=)",0,(),(),True,False,0,0,None
18120000027,18120000027,45,0,16,True,0,0,0,0,0,0,0,0,"(AssetPath=/Game/BluePrints/Weapons/WeaponBP/WeaponVehicle/BP_WeaponVechile_RPG.BP_WeaponVechile_RPG_C, SubPath=)",0,(),(),True,False,0,0,None
18120000028,18120000028,45,0,16,True,0,0,0,0,0,0,0,0,"(AssetPath=/Game/BluePrints/Weapons/WeaponBP/WeaponVehicle/BP_WeaponVechile_RPG.BP_WeaponVechile_RPG_C, SubPath=)",0,(),(),True,False,0,0,None
18120000029,18120000029,35,18010000017,33,True,0,0,0,0,0,0,0,0,"(AssetPath=/Game/BluePrints/Weapons/WeaponBP/WeaponVehicle/BP_WeaponVechile_RPG.BP_WeaponVechile_RPG_C, SubPath=)",0,(),(),True,False,0,0,None
18120000030,18120000030,35,18010000017,33,True,0,0,0,0,0,0,0,0,"(AssetPath=/Game/BluePrints/Weapons/WeaponBP/WeaponVehicle/BP_Weapon_Vehicle.BP_Weapon_Vehicle_C, SubPath=)",0,(),(),True,False,0,0,None
18120000031,18120000031,0,0,0,False,0,0,0,0,0,0,0,0,"(AssetPath=/Game/BluePrints/Weapons/WeaponBP/WeaponVehicle/BP_Weapon_Vehicle.BP_Weapon_Vehicle_C, SubPath=)",0,(),(),True,False,0,0,None
18120000032,18120000032,35,18010000017,33,True,0,0,0,0,0,0,0,0,"(AssetPath=/Game/BluePrints/Weapons/WeaponBP/WeaponVehicle/BP_WeaponVechile_RPG.BP_WeaponVechile_RPG_C, SubPath=)",0,(),(),True,False,0,0,None
18120000033,18120000033,35,18010000017,33,True,0,0,0,0,0,0,0,0,"(AssetPath=/Game/BluePrints/Weapons/WeaponBP/WeaponVehicle/BP_WeaponVechile_RPG.BP_WeaponVechile_RPG_C, SubPath=)",0,(),(),True,False,0,0,None
18120000034,18120000034,44,0,38,True,0,0,0,0,0,0,0,0,"(AssetPath=/Game/BluePrints/Weapons/WeaponBP/WeaponVehicle/BP_WeaponVechile_StingerMissile.BP_WeaponVechile_StingerMissile_C, SubPath=)",0,(),(),True,False,0,0,None
18120000035,18120000035,44,0,38,True,0,0,0,0,0,0,0,0,"(AssetPath=/Game/BluePrints/Weapons/WeaponBP/WeaponVehicle/BP_WeaponVechile_StingerMissile.BP_WeaponVechile_StingerMissile_C, SubPath=)",0,(),(),True,False,0,0,None
18120000036,18120000036,44,0,38,True,0,0,0,0,0,0,0,0,"(AssetPath=/Game/BluePrints/Weapons/WeaponBP/WeaponVehicle/BP_WeaponVechile_StingerMissile.BP_WeaponVechile_StingerMissile_C, SubPath=)",0,(),(),True,False,0,0,None
18120000037,18120000037,45,0,16,True,0,0,0,0,0,0,0,0,"(AssetPath=/Game/BluePrints/Weapons/WeaponBP/WeaponVehicle/BP_WeaponVechile_RPG.BP_WeaponVechile_RPG_C, SubPath=)",0,(),(),True,False,0,0,None
18020000010,18020000010,7,18020000010,6,True,10020001292,10020001292,10020001292,0,0,0,0,0,"(AssetPath=/Game/BluePrints/Weapons/WeaponBP/BP_WeaponModular.BP_WeaponModular_C, SubPath=)",0,(),(),True,True,0,2,None
18010000024,18010000024,1,18010000024,1,True,10010001371,10010001371,10010001371,0,0,0,0,0,"(AssetPath=/Game/BluePrints/Weapons/WeaponBP/BP_WeaponModular.BP_WeaponModular_C, SubPath=)",0,(),(),True,True,0,2,None
18120000038,18120000038,44,0,38,True,0,0,0,0,0,0,0,0,"(AssetPath=/Game/BluePrints/Weapons/WeaponBP/WeaponVehicle/BP_WeaponVechile_StingerMissile.BP_WeaponVechile_StingerMissile_C, SubPath=)",0,(),(),True,False,0,0,None
18120000039,18120000039,0,0,0,False,0,0,0,0,0,0,0,0,"(AssetPath=/Game/BluePrints/Weapons/WeaponBP/WeaponVehicle/BP_Weapon_Vehicle.BP_Weapon_Vehicle_C, SubPath=)",0,(),(),True,False,0,0,None
18120000040,18120000040,0,0,0,False,0,0,0,0,0,0,0,0,"(AssetPath=/Game/BluePrints/Weapons/WeaponBP/WeaponVehicle/BP_Weapon_Vehicle.BP_Weapon_Vehicle_C, SubPath=)",0,(),(),True,False,0,0,None
18120000041,18120000041,0,0,0,False,0,0,0,0,0,0,0,0,"(AssetPath=/Game/BluePrints/Weapons/WeaponBP/WeaponVehicle/BP_Weapon_Vehicle.BP_Weapon_Vehicle_C, SubPath=)",0,(),(),True,False,0,0,None
18120000042,18120000042,35,18010000017,33,True,0,0,0,0,0,0,0,0,"(AssetPath=/Game/BluePrints/Weapons/WeaponBP/WeaponVehicle/BP_WeaponVehicle_PointAndRadial.BP_WeaponVehicle_PointAndRadial_C, SubPath=)",0,(),(),True,False,0,0,None
18120000043,18120000043,45,0,16,True,0,0,0,0,0,0,0,0,"(AssetPath=/Game/BluePrints/Weapons/WeaponBP/WeaponVehicle/BP_WeaponVechile_RPG.BP_WeaponVechile_RPG_C, SubPath=)",0,(),(),True,False,0,0,None
18120000044,18120000044,44,0,38,True,0,0,0,0,0,0,0,0,"(AssetPath=/Game/BluePrints/Weapons/WeaponBP/WeaponVehicle/BP_WeaponVechile_StingerMissile.BP_WeaponVechile_StingerMissile_C, SubPath=)",0,(),(),True,False,0,0,None
18120000045,18120000045,35,18010000017,33,True,0,0,0,0,0,0,0,0,"(AssetPath=/Game/BluePrints/Weapons/WeaponBP/WeaponVehicle/BP_Weapon_Vehicle.BP_Weapon_Vehicle_C, SubPath=)",0,(),(),True,False,0,0,None
18120000046,18120000046,0,0,0,False,0,0,0,0,0,0,0,0,"(AssetPath=/Game/BluePrints/Weapons/WeaponBP/WeaponVehicle/BP_Weapon_Vehicle.BP_Weapon_Vehicle_C, SubPath=)",0,(),(),True,False,0,0,None
18050000031,18050000031,7,18050000031,6,True,10050001535,10050001535,10050001535,0,0,0,0,0,"(AssetPath=/Game/BluePrints/Weapons/WeaponBP/BP_WeaponModular.BP_WeaponModular_C, SubPath=)",0,(),(),True,True,0,2,None
18010000038,18010000038,7,18010000038,6,True,10010001525,10010001525,10010001525,0,0,0,0,0,"(AssetPath=/Game/BluePrints/Weapons/WeaponBP/BP_WeaponModular.BP_WeaponModular_C, SubPath=)",0,(),(),True,True,0,2,None
18070000033,18070000033,7,18070000033,6,True,10070001527,10070001527,10070001527,0,0,0,0,0,"(AssetPath=/Game/BluePrints/Weapons/WeaponBP/BP_WeaponModular.BP_WeaponModular_C, SubPath=)",0,(),(),True,True,0,2,None
18120000047,18120000047,35,18120000008,33,True,0,0,0,0,0,0,0,0,"(AssetPath=/Game/BluePrints/Weapons/WeaponBP/WeaponVehicle/BP_Weapon_Vehicle.BP_Weapon_Vehicle_C, SubPath=)",0,(),(),True,False,0,0,None
18120000048,18120000048,44,0,38,True,0,0,0,0,0,0,0,0,"(AssetPath=/Game/BluePrints/Weapons/WeaponBP/WeaponVehicle/BP_WeaponVechile_StingerMissile_2.BP_WeaponVechile_StingerMissile_2_C, SubPath=)",0,(),(),True,False,0,0,None
18120000049,18120000049,44,0,38,True,0,0,0,0,0,0,0,0,"(AssetPath=/Game/BluePrints/Weapons/WeaponBP/WeaponVehicle/BP_WeaponVechile_StingerMissile_2.BP_WeaponVechile_StingerMissile_2_C, SubPath=)",0,(),(),True,False,0,0,None
18020000011,18020000011,27,18020000011,25,True,10020001572,10020001572,10020001572,0,0,0,0,0,"(AssetPath=/Game/BluePrints/Weapons/WeaponBP/BP_WeaponModular.BP_WeaponModular_C, SubPath=)",0,(),(),True,True,0,3,None
18040000004,18040000004,38,18040000004,36,True,10040001528,10040001528,10040001528,0,0,0,0,0,"(AssetPath=/Game/BluePrints/Weapons/WeaponBP/BP_WeaponModular.BP_WeaponModular_C, SubPath=)",0,(),(),True,True,0,3,None
18010000040,18010000040,0,18010000040,34,True,10010001627,10010001627,10010001627,0,0,0,0,0,"(AssetPath=/Game/BluePrints/Weapons/WeaponBP/BP_WeaponModular.BP_WeaponModular_C, SubPath=)",0,(),(),True,True,0,3,None
18050000008,18050000008,0,18050000008,27,True,10050001548,10050001548,10050001548,0,0,0,0,0,"(AssetPath=/Game/BluePrints/Weapons/WeaponBP/BP_WeaponModular.BP_WeaponModular_C, SubPath=)",0,(),(),True,True,0,3,None
18120000050,18120000050,35,0,38,True,0,0,0,0,0,0,0,0,"(AssetPath=/Game/BluePrints/Weapons/WeaponBP/WeaponVehicle/BP_Weapon_Vehicle.BP_Weapon_Vehicle_C, SubPath=)",0,(),(),True,False,0,0,None
18120000051,18120000051,35,0,38,True,0,0,0,0,0,0,0,0,"(AssetPath=/Game/BluePrints/Weapons/WeaponBP/WeaponVehicle/BP_WeaponVechile_RPG.BP_WeaponVechile_RPG_C, SubPath=)",0,(),(),True,False,0,0,None
18080000017,18080000017,0,0,0,False,10080001475,10080001475,10080001475,0,0,0,0,0,"(AssetPath=/Game/BluePrints/Ability/ChainHook/BP_LeftWeapon_HookLauncher.BP_LeftWeapon_HookLauncher_C, SubPath=)",0,(),(),True,False,0,0,None
18080000018,18080000018,0,0,0,False,10080001708,10080001708,10080001708,0,0,0,0,0,"(AssetPath=/Game/BluePrints/Ability/FlameThrower/BP_WeaponModularFlameThrower.BP_WeaponModularFlameThrower_C, SubPath=)",0,(),(),True,False,0,1,None
18080000030,18080000030,0,0,0,False,10080001712,0,0,0,0,0,0,0,"(AssetPath=/Game/BluePrints/Ability/FlameThrower/BP_WeaponModularFlameThrower_C502.BP_WeaponModularFlameThrower_C502_C, SubPath=)",0,(),(),True,False,0,0,None
18080000019,18080000019,0,0,0,False,10080001612,10080001612,10080001612,0,0,0,0,0,"(AssetPath=/Game/BluePrints/Ability/GrenadeLauncher/BP_Weapon_HighExplosionGrenadeLauncher.BP_Weapon_HighExplosionGrenadeLauncher_C, SubPath=)",0,(),(),True,False,0,1,None
18080000020,18080000020,0,0,0,False,10080001613,10080001613,10080001613,0,0,0,0,0,"(AssetPath=/Game/BluePrints/Ability/GrenadeLauncher/BP_Weapon_SmokeExplosionGrenadeLauncher.BP_Weapon_SmokeExplosionGrenadeLauncher_C, SubPath=)",0,(),(),True,False,0,1,None
18080000029,18080000029,0,0,0,False,10080001614,10080001614,10080001614,0,0,0,0,0,"(AssetPath=/Game/BluePrints/Ability/GrenadeLauncher/BP_Weapon_C502_FlashExplosionGrenadeLauncher1.BP_Weapon_C502_FlashExplosionGrenadeLauncher1_C, SubPath=)",0,(),(),True,False,0,0,None
18030000005,18030000005,0,18030000005,1,True,10030001554,10030001554,10030001554,0,0,0,0,0,"(AssetPath=/Game/BluePrints/Weapons/WeaponBP/BP_WeaponModular.BP_WeaponModular_C, SubPath=)",0,(),(),True,True,0,3,None
18150000001,18150000001,0,18150000001,6,True,10150000001,10150000001,10150000001,0,0,0,0,0,"(AssetPath=/Game/BluePrints/Weapons/WeaponBP/BP_WeaponModular_CBow.BP_WeaponModular_Cbow_C, SubPath=)",0,(),(),True,True,0,3,None
18120000052,18120000052,0,0,0,False,0,0,0,0,0,0,0,0,"(AssetPath=/Game/BluePrints/Weapons/WeaponBP/WeaponVehicle/BP_Weapon_Vehicle.BP_Weapon_Vehicle_C, SubPath=)",0,(),(),True,False,0,0,None
18120000053,18120000053,35,18010000017,33,True,0,0,0,0,0,0,0,0,"(AssetPath=/Game/BluePrints/Weapons/WeaponBP/WeaponVehicle/BP_WeaponVehicle_PointAndRadial.BP_WeaponVehicle_PointAndRadial_C, SubPath=)",0,(),(),True,False,0,0,None
18120000054,18120000054,44,0,38,True,0,0,0,0,0,0,0,0,"(AssetPath=/Game/BluePrints/Weapons/WeaponBP/WeaponVehicle/BP_WeaponVechile_StingerMissile.BP_WeaponVechile_StingerMissile_C, SubPath=)",0,(),(),True,False,0,0,None
18120000055,18120000055,44,0,38,True,0,0,0,0,0,0,0,0,"(AssetPath=/Game/BluePrints/Weapons/WeaponBP/WeaponVehicle/BP_WeaponVechile_StingerMissile.BP_WeaponVechile_StingerMissile_C, SubPath=)",0,(),(),True,False,0,0,None
18120000056,18120000056,45,0,16,True,0,0,0,0,0,0,0,0,"(AssetPath=/Game/BluePrints/Weapons/WeaponBP/WeaponVehicle/BP_WeaponVechile_RPG.BP_WeaponVechile_RPG_C, SubPath=)",0,(),(),True,False,0,0,None
18120000057,18120000057,45,0,16,True,0,0,0,0,0,0,0,0,"(AssetPath=/Game/BluePrints/Weapons/WeaponBP/WeaponVehicle/BP_WeaponVechile_RPG.BP_WeaponVechile_RPG_C, SubPath=)",0,(),(),True,False,0,0,None
18120000058,18120000058,35,18010000017,33,True,0,0,0,0,0,0,0,0,"(AssetPath=/Game/BluePrints/Weapons/WeaponBP/WeaponVehicle/BP_WeaponVechile_RPG.BP_WeaponVechile_RPG_C, SubPath=)",0,(),(),True,False,0,0,None
18120000059,18120000059,45,0,16,True,0,0,0,0,0,0,0,0,"(AssetPath=/Game/BluePrints/Weapons/WeaponBP/WeaponVehicle/BP_WeaponVehicle_IntelligentMissile.BP_WeaponVehicle_IntelligentMissile_C, SubPath=)",0,(),(),True,False,0,0,None
18120000060,18120000060,0,0,0,False,0,0,0,0,0,0,0,0,"(AssetPath=/Game/BluePrints/Weapons/WeaponBP/WeaponVehicle/BP_Weapon_Vehicle.BP_Weapon_Vehicle_C, SubPath=)",0,(),(),True,False,0,0,None
18120000061,18120000061,0,0,0,False,0,0,0,0,0,0,0,0,"(AssetPath=/Game/BluePrints/Weapons/WeaponBP/WeaponVehicle/BP_Weapon_Vehicle.BP_Weapon_Vehicle_C, SubPath=)",0,(),(),True,False,0,0,None
18120000062,18120000062,35,18010000017,33,True,0,0,0,0,0,0,0,0,"(AssetPath=/Game/BluePrints/Weapons/WeaponBP/WeaponVehicle/BP_Weapon_Vehicle.BP_Weapon_Vehicle_C, SubPath=)",0,(),(),True,False,0,0,None
18120000063,18120000063,0,0,0,False,0,0,0,0,0,0,0,0,"(AssetPath=/Game/BluePrints/Weapons/WeaponBP/WeaponVehicle/BP_WeaponVechile_RPG.BP_WeaponVechile_RPG_C, SubPath=)",0,(),(),True,False,0,0,None
18070000034,18070000034,0,18070000034,0,True,0,0,0,0,0,0,0,0,"(AssetPath=/Game/BluePrints/Weapons/WeaponBP/SpecialWeapon/BP_WeaponBoss05Modular.BP_WeaponBoss05Modular_C, SubPath=)",0,(),(),True,True,0,0,None
18010000041,18010000041,19,18010000041,17,True,0,0,0,0,0,0,0,0,"(AssetPath=/Game/BluePrints/Weapons/WeaponBP/BP_WeaponModular.BP_WeaponModular_C, SubPath=)",0,(),(),True,True,0,0,None
18010000042,18010000042,0,18010000042,0,True,10010001779,10010001779,10010001779,0,0,0,0,0,"(AssetPath=/Game/BluePrints/Weapons/WeaponBP/BP_WeaponModular.BP_WeaponModular_C, SubPath=)",0,(),(),True,True,0,3,None
18020000012,18020000012,0,18020000012,0,True,10020001973,10020001973,10020001973,0,0,0,0,0,"(AssetPath=/Game/BluePrints/Weapons/WeaponBP/BP_WeaponModular.BP_WeaponModular_C, SubPath=)",0,(),(),True,True,0,3,None
18010000043,18010000043,0,18010000043,0,True,10010001854,10010001854,10010001854,0,0,0,0,0,"(AssetPath=/Game/BluePrints/Weapons/WeaponBP/BP_WeaponModular.BP_WeaponModular_C, SubPath=)",0,(),(),True,True,0,3,None
18050000032,18050000032,0,18050000032,0,True,10050001724,10050001724,10050001724,0,0,0,0,0,"(AssetPath=/Game/BluePrints/Weapons/WeaponBP/BP_WeaponModular.BP_WeaponModular_C, SubPath=)",0,(),(),True,True,0,3,None
18120000067,18120000067,35,18010000017,33,True,0,0,0,0,0,0,0,0,"(AssetPath=/Game/BluePrints/Weapons/WeaponBP/WeaponVehicle/BP_WeaponVechile_RPG.BP_WeaponVechile_RPG_C, SubPath=)",0,(),(),True,False,0,0,None
18080000026,18080000026,44,0,38,True,10080001711,0,0,0,0,0,0,0,"(AssetPath=/Game/BluePrints/Ability/WireGuidedMissile/BP_WeaponModular_Modular_WireGuided.BP_WeaponModular_Modular_WireGuided_C, SubPath=)",0,(),(),True,False,0,0,None
18080000021,18080000021,44,0,38,True,10080001710,10080001710,10080001710,0,0,0,0,0,"(AssetPath=/Game/BluePrints/Ability/WireGuidedMissile/BP_WeaponModular_Modular_WireGuided.BP_WeaponModular_Modular_WireGuided_C, SubPath=)",0,(),(),True,False,0,1,None
18120000068,18120000068,35,18120000008,33,True,0,0,0,0,0,0,0,0,"(AssetPath=/Game/BluePrints/Weapons/WeaponBP/WeaponVehicle/BP_Weapon_Vehicle.BP_Weapon_Vehicle_C, SubPath=)",0,(),(),True,False,0,0,None
18010000025,18010000025,0,18010000025,0,True,10010001383,10010001383,10010001383,0,0,0,0,0,"(AssetPath=/Game/BluePrints/Weapons/WeaponBP/BP_WeaponModular.BP_WeaponModular_C, SubPath=)",0,(),(),True,False,0,0,None
18120000069,18120000069,35,18120000008,33,True,0,0,0,0,0,0,0,0,"(AssetPath=/Game/BluePrints/Weapons/WeaponBP/WeaponVehicle/BP_Weapon_Vehicle.BP_Weapon_Vehicle_C, SubPath=)",0,(),(),True,False,0,0,None
18120000070,18120000070,45,0,16,True,0,0,0,0,0,0,0,0,"(AssetPath=/Game/BluePrints/Weapons/WeaponBP/WeaponVehicle/BP_Weapon_Vehicle.BP_Weapon_Vehicle_C, SubPath=)",0,(),(),True,False,0,0,None
18990000020,18990000020,0,0,0,False,0,0,0,0,0,0,0,0,"(AssetPath=/Game/BluePrints/Weapons/FixedWeapon/BP_FixedWeapon_ShoreGun_B.BP_FixedWeapon_ShoreGun_B_C, SubPath=)",0,(),(),True,False,0,0,None
18990000022,18990000022,0,0,0,False,0,0,0,0,0,0,0,0,"(AssetPath=/Game/BluePrints/Weapons/FixedWeapon/BP_FixedWeapon_AAGun.BP_FixedWeapon_AAGun_C, SubPath=)",0,(),(),True,False,0,0,None
18990000021,18990000021,0,0,0,False,0,0,0,0,0,0,0,0,"(AssetPath=/Game/BluePrints/Weapons/HeavyMachineGun/BP_WeaponBlackHawk.BP_WeaponBlackHawk_C, SubPath=)",0,(),(),True,False,0,0,None
18010000044,18010000044,0,18010000044,0,True,10010001976,10010001976,10010001976,0,0,0,0,0,"(AssetPath=/Game/BluePrints/Weapons/WeaponBP/BP_WeaponModular.BP_WeaponModular_C, SubPath=)",0,(),(),True,True,0,3,None
18030000006,18030000006,0,18030000006,0,True,10030001962,10030001962,10030001962,0,0,0,0,0,"(AssetPath=/Game/BluePrints/Weapons/WeaponBP/BP_WeaponModularFold.BP_WeaponModularFold_C, SubPath=)",0,(),(),True,True,0,3,None
18120000071,18120000071,0,0,0,False,0,0,0,0,0,0,0,0,"(AssetPath=/Game/BluePrints/Weapons/WeaponBP/WeaponVehicle/BP_Weapon_Vehicle.BP_Weapon_Vehicle_C, SubPath=)",0,(),(),True,False,0,0,None
18120000072,18120000072,0,0,0,False,0,0,0,0,0,0,0,0,"(AssetPath=/Game/BluePrints/Weapons/WeaponBP/WeaponVehicle/BP_WeaponVechile_RPG.BP_WeaponVechile_RPG_C, SubPath=)",0,(),(),True,False,0,0,None
18120000073,18120000073,35,18010000017,33,True,0,0,0,0,0,0,0,0,"(AssetPath=/Game/BluePrints/Weapons/WeaponBP/WeaponVehicle/BP_WeaponVechile_RPG.BP_WeaponVechile_RPG_C, SubPath=)",0,(),(),True,False,0,0,None
18120000074,18120000074,45,0,16,True,0,0,0,0,0,0,0,0,"(AssetPath=/Game/BluePrints/Weapons/WeaponBP/WeaponVehicle/BP_WeaponVechile_RPG.BP_WeaponVechile_RPG_C, SubPath=)",0,(),(),True,False,0,0,None
18070000035,18070000035,44,0,38,True,10070000008,10070000008,10070000008,0,0,0,0,0,"(AssetPath=/Game/BluePrints/Weapons/WeaponBP/BP_WeaponModular_AT4.BP_WeaponModular_AT4_C, SubPath=)",0,(),(),True,False,0,0,None
18080000022,18080000022,18,0,16,True,0,0,0,0,0,0,0,0,"(AssetPath=/Game/BluePrints/Characters/AI/Boss/Boss07/Boss07_RCV/ADS/BP_WeaponBoss07RCVAIWeaponRocket.BP_WeaponBoss07RCVAIWeaponRocket_C, SubPath=)",0,(),(),True,False,0,0,None
18010000046,18010000046,1,18010000001,34,True,0,0,0,0,0,0,0,0,"(AssetPath=/Game/BluePrints/Weapons/WeaponBP/BP_WeaponModular.BP_WeaponModular_C, SubPath=)",0,(),(),True,True,0,0,None
18010000047,18010000047,1,18010000031,34,True,0,0,0,0,0,0,0,0,"(AssetPath=/Game/BluePrints/Weapons/WeaponBP/BP_WeaponModular.BP_WeaponModular_C, SubPath=)",0,(),(),True,True,0,0,None
18010000048,18010000048,2,18010000021,1,True,0,0,0,0,0,0,0,0,"(AssetPath=/Game/BluePrints/Weapons/WeaponBP/BP_WeaponModular.BP_WeaponModular_C, SubPath=)",0,(),(),True,True,0,0,None
18120000075,18120000075,35,18010000017,33,True,0,0,0,0,0,0,0,0,"(AssetPath=/Game/BluePrints/Weapons/WeaponBP/WeaponVehicle/BP_WeaponVechile_RPG.BP_WeaponVechile_RPG_C, SubPath=)",0,(),(),True,False,0,0,None
18120000076,18120000076,35,18120000008,33,True,0,0,0,0,0,0,0,0,"(AssetPath=/Game/BluePrints/Weapons/WeaponBP/WeaponVehicle/BP_Weapon_Vehicle.BP_Weapon_Vehicle_C, SubPath=)",0,(),(),True,False,0,0,None
18120000077,18120000077,0,0,0,False,0,0,0,0,0,0,0,0,"(AssetPath=/Game/BluePrints/Weapons/WeaponBP/WeaponVehicle/BP_WeaponVehicle_LaserPointer.BP_WeaponVehicle_LaserPointer_C, SubPath=)",0,(),(),True,False,0,0,None
